{"cameraMode":{"drawMode":0,"name":"Shaded","section":"Shading Mode"},"sceneLighting":true,"audioPlay":false,"sceneViewState":{"m_AlwaysRefresh":false,"showFog":true,"showSkybox":true,"showFlares":true,"showImageEffects":true,"showParticleSystems":true,"showVisualEffectGraphs":true,"m_FxEnabled":true},"in2DMode":false,"pivot":{"x":0.6866253018379211,"y":-16.728437423706056,"z":2.242706060409546},"rotation":{"x":-0.6270132064819336,"y":0.029658105224370958,"z":-0.02389528602361679,"w":-0.7780594825744629},"size":12.869643211364746,"orthographic":false}